firm_cik,firm_ticker,fiscal_year,filename,filing_date,period_end_date,asset_category,useful_life_text,useful_life_min_years,useful_life_max_years,policy_change,policy_change_text,ai_infra_text,ai_infra_source,segment_ai_text,hardware_mentions,hardware_count,source_section,section_title,confidence,ambiguity_flag,ambiguity_detail,item8_method,item8_segment_count,extraction_status,error_message
0000816761,TDC,2013,0000816761_TDC_FY2013_10K.html,,"December 31, 2013","Capitalized Software, computer software","Direct development costs associated with internal-use software are capitalized and amortized over the estimated useful lives
of the resulting software. Teradata typically amortizes capitalized
internal-use software on a straight-line basis over three years beginning when the asset is substantially ready for use.",3.0,,No,,Not disclosed,,Not disclosed,Intel_Xeon,1,significant_accounting_policies,"Note 1 Description of Business, Basis of Presentation and Significant Accounting Policies",3,True,3.0 ans | 4.0 ans,"score=4,idx=7833,zone=18221",418,OK,
0000816761,TDC,2014,0000816761_TDC_FY2014_10K.html,,,capitalized software,These costs are included within capitalized software and are amortized over the estimated useful lives of,,,No,,Not disclosed,,Not disclosed,,0,significant_accounting_policies,"Note 1 Description of Business, Basis of Presentation and Significant Accounting Policies",3,False,,"score=3,idx=7214,zone=19129",732,OK,
0000816761,TDC,2015,0000816761_TDC_FY2015_10K.html,,,capitalized software,These costs are included within capitalized software and are amortized over the estimated useful lives of,,,No,,Not disclosed,,"Revenue decreased $16 million or 8% in 2015 from 2014. The revenue decrease included a 7% adverse impact from foreign currency fluctuations. The overall gross margin decrease in 2015 from 2014 is primarily driven by investments in the cloud business as well as lower professional services margins, which were impacted by investments to help better position the Company to go broader in the market and drive long-term growth in this business. ||| Marketing Applications: Revenue decreased $16 million or 8% in 2015 from 2014. The revenue decrease included a 7% adverse impact from foreign currency fluctuations. The overall gross margin decrease in 2015 from 2014 is primarily driven by investments in the cloud business as well as lower professional services margins, which were impacted by investments to help better position the Company to go broader in the market and drive long-term growth in this business.",,0,significant_accounting_policies,"Note 1 Description of Business, Basis of Presentation and Significant Accounting Policies",3,False,,"score=3,idx=8164,zone=20339",867,OK,
0000816761,TDC,2016,0000816761_TDC_FY2016_10K.html,,,capitalized software,These costs are included within capitalized software and are amortized over the estimated useful lives of,,,No,,Not disclosed,,"In 2015, revenue decreased $11 million or 7% from 2014. The revenue decrease included a 6% adverse impact from foreign currency fluctuations. The overall gross margin decrease in 2015 from 2014 is primarily driven by investments in the cloud business as well as lower professional services margins, which were impacted by investments to help better position the Company to go broader in the market and drive long-term growth in this business.",,0,significant_accounting_policies,"Note 1 Description of Business, Basis of Presentation and Significant Accounting Policies",3,False,,"score=3,idx=8282,zone=20587",869,OK,
0000816761,TDC,2017,0000816761_TDC_FY2017_10K.html,,,capitalized software,These costs are included within capitalized software and are amortized over the estimated useful lives of,,,No,,Not disclosed,,"Cloud momentum is also driving new buying and consumption expectations, shifts in data importance or significance, and a move toward hybrid architectures. This trend puts pressure on our on-premises business, however, it opens opportunities for growth within our IntelliCloud offering family, which can be deployed on the Teradata cloud and on public clouds (AWS and Azure). IntelliCloud is a comprehensive as-a-service offering that is purchased with subscription-based pricing. All subscription-based Teradata software licenses enable portability of the software license between cloud and on-premises deployment options, which de-risks customer decisions, particularly for customers with future plans to move to the cloud.",,0,significant_accounting_policies,"Note 1 Description of Business, Basis of Presentation and Significant Accounting Policies",3,False,,"score=3,idx=8225,zone=19463",725,OK,
0000816761,TDC,2018,0000816761_TDC_FY2018_10K.html,,,capitalized software,These costs are included within capitalized software and are amortized over the estimated useful lives of,,,No,,Not disclosed,,"Customer’s Accounting for Implementation Costs Incurred in a Cloud Computing Arrangement That Is a Service Contract. ||| new guidance that reduces complexity for the accounting for costs of implementing a cloud computing service arrangement and aligns the requirements for capitalizing implementation costs incurred in a hosting arrangement that is a service contract with the requirements for capitalizing implementation costs incurred to develop or obtain internal-use software (and hosting arrangements that include an internal-use software license). For public companies, the amendments in this update are effective for fiscal years, and interim periods within those fiscal years, beginning after December 15, 2019, with early adoption permitted. Implementation should be applied either retrospectively or prospectively to all implementation costs incurred after the date of adoption. The effects of this standard on our financial position, results of operations or cash flows are not expected to be material. ||| Customer’s Accounting for Implementation Costs Incurred in a Cloud Computing Arrangement That Is a Service Contract. In August 2018, the FASB issued new guidance that reduces complexity for the accounting for costs of implementing a cloud computing service arrangement and aligns the requirements for capitalizing implementation costs incurred in a hosting arrangement that is a service contract with the requirements for capitalizing implementation costs incurred to develop or obtain internal-use software (and hosting arrangements that include an internal-use software license). For public companies, the amendments in this update are effective for fiscal years, and interim periods within those fiscal years, beginning after December 15, 2019, with early adoption permitted. Implementation should be applied either retrospectively or prospectively to all implementation costs incurred after the date of adoption. The effects of this standard on our financial position, results of operations or cash flows are not expected to be material.",,0,significant_accounting_policies,"Note 1 Description of Business, Basis of Presentation and Significant Accounting Policies",3,False,,"score=3,idx=8075,zone=21082",877,OK,
0000816761,TDC,2019,0000816761_TDC_FY2019_10K.html,,"December 31, 2019",Capitalized Software,Direct development costs associated with internal-use software are capitalized and amortized over the estimated useful lives of the resulting software.,,,No,,Not disclosed,,"Customer’s Accounting for Implementation Costs Incurred in a Cloud Computing Arrangement That Is a Service Contract. In August 2018, the FASB issued new guidance that reduces complexity for the accounting for costs of implementing a cloud computing service arrangement and aligns the requirements for capitalizing implementation costs incurred in a hosting arrangement that is a service contract with the requirements for capitalizing implementation costs incurred to develop or obtain internal-use software (and hosting arrangements that include an internal-use software license). For public companies, the amendments in this update are effective for fiscal years, and interim periods within those fiscal years, beginning after December 15, 2019, with early adoption permitted. Implementation should be applied either retrospectively or prospectively to all implementation costs incurred after the date of adoption. The effects of this standard on our financial position, results of operations or cash flows are not expected to be material. ||| Customer’s Accounting for Implementation Costs Incurred in a Cloud Computing Arrangement That Is a Service Contract. ||| new guidance that reduces complexity for the accounting for costs of implementing a cloud computing service arrangement and aligns the requirements for capitalizing implementation costs incurred in a hosting arrangement that is a service contract with the requirements for capitalizing implementation costs incurred to develop or obtain internal-use software (and hosting arrangements that include an internal-use software license). For public companies, the amendments in this update are effective for fiscal years, and interim periods within those fiscal years, beginning after December 15, 2019, with early adoption permitted. Implementation should be applied either retrospectively or prospectively to all implementation costs incurred after the date of adoption. The effects of this standard on our financial position, results of operations or cash flows are not expected to be material.",,0,significant_accounting_policies,"Note 1 Description of Business, Basis of Presentation and Significant Accounting Policies",3,False,,"score=3,idx=10257,zone=22234",415,OK,
0000816761,TDC,2020,0000816761_TDC_FY2020_10K.html,,2021-12-31,"Capitalized Software, computer software",Direct development costs associated with internal-use software are capitalized and amortized over the estimated useful lives of the resulting software. Teradata typically amortizes capitalized internal-use software on a straight-line basis over three years beginning when the asset is substantially ready for use.,3.0,,No,,Not disclosed,,"Customer’s Accounting for Implementation Costs Incurred in a Cloud Computing Arrangement That Is a Service Contract. In August 2018, the FASB issued new guidance that reduces complexity for the accounting for costs of implementing a cloud computing service arrangement and aligns the requirements for capitalizing implementation costs incurred in a hosting arrangement that is a service contract with the requirements for capitalizing implementation costs incurred to develop or obtain internal-use software (and hosting arrangements that include an internal-use software license). The Company adopted this guidance on January 1, 2020, which did not have a material impact on our consolidated financial statements. ||| Customer’s Accounting for Implementation Costs Incurred in a Cloud Computing Arrangement That Is a Service Contract. ||| In August 2018, the FASB issued new guidance that reduces complexity for the accounting for costs of implementing a cloud computing service arrangement and aligns the requirements for capitalizing implementation costs incurred in a hosting arrangement that is a service contract with the requirements for capitalizing implementation costs incurred to develop or obtain internal-use software (and hosting arrangements that include an internal-use software license). The Company adopted this guidance on January 1, 2020, which did not have a material impact on our consolidated financial statements.",B100,1,significant_accounting_policies,5. recognize revenue when (or as) the Company satisfies a performance obligation.,3,False,,"score=2,idx=6824,zone=10991",666,OK,
0000816761,TDC,2021,0000816761_TDC_FY2021_10K.html,,2022-02-09,"Capitalized Software, computer software",Direct development costs associated with internal-use software are capitalized and amortized over the estimated useful lives of the resulting software. Teradata typically amortizes capitalized internal-use software on a straight-line basis over three years beginning when the asset is substantially ready for use.,3.0,,No,,Not disclosed,,Not disclosed,,0,significant_accounting_policies,5. recognize revenue when (or as) the Company satisfies a performance obligation.,3,False,,"score=2,idx=6723,zone=11082",543,OK,
0000816761,TDC,2022,0000816761_TDC_FY2022_10K.html,,2022-12-31,"Capitalized Software, computer software",Direct development costs associated with internal-use software are capitalized and amortized over the estimated useful lives of the resulting software.,,,No,,Not disclosed,,"• Gross profit as a percent of revenue was 60.2% in 2022, a decrease from 61.9% in 2021, primarily due to adverse impact from foreign currency fluctuations, the loss of revenue due to exiting Russia operations, and an increasing mix of cloud revenue as our cloud business continues to scale as compared to the prior year. ||| primarily due to adverse impact from foreign currency fluctuations, the loss of revenue due to exiting Russia operations, and an increasing mix of cloud revenue as our cloud business continues to scale as compared to the prior year.",,0,significant_accounting_policies,5. recognize revenue when (or as) the Company satisfies a performance obligation.,3,False,,"score=2,idx=7080,zone=11305",665,OK,
0000816761,TDC,2023,0000816761_TDC_FY2023_10K.html,,2023-12-31,"Capitalized Software, computer software",Direct development costs associated with internal-use software are capitalized and amortized over the estimated useful lives of the resulting software. Teradata typically amortizes capitalized internal-use software on a straight-line basis over four years beginning when the asset is substantially ready for use.,4.0,,No,,Not disclosed,,Not disclosed,,0,significant_accounting_policies,5. recognize revenue when (or as) the Company satisfies a performance obligation.,3,False,,"score=2,idx=7017,zone=11321",658,OK,
0000816761,TDC,2024,0000816761_TDC_FY2024_10K.html,,2024-12-31,"Capitalized Software, computer software",Direct development costs associated with internal-use software are capitalized and amortized over the estimated useful lives of the resulting software. Teradata typically amortizes capitalized internal-use software on a straight-line basis over four years beginning when the asset is substantially ready for use.,4.0,,No,,Not disclosed,,"Cloud computing arrangements. Implementation costs incurred in our hosting arrangements that are service contracts are recorded as other long-term assets on the consolidated balance sheets. Implementation costs include activities such as integrating, configuring and customizing the related software. Capitalization of these costs ceases once the project is substantially complete and the software is ready for its intended purpose. Costs incurred for post-configuration training, maintenance and minor modifications or enhancements are expensed as incurred. The capitalized cloud computing implementation costs are amortized on the straight-line basis over the fixed, non-cancellable term of the associated hosting arrangement plus any reasonably certain renewal periods. We apply the same impairment model to these assets as we use to evaluate internally-developed software for impairment. ||| Cloud computing arrangements. ||| Implementation costs incurred in our hosting arrangements that are service contracts are recorded as other long-term assets on the consolidated balance sheets. Implementation costs include activities such as integrating, configuring and customizing the related software. Capitalization of these costs ceases once the project is substantially complete and the software is ready for its intended purpose. Costs incurred for post-configuration training, maintenance and minor modifications or enhancements are expensed as incurred. The capitalized cloud computing implementation costs are amortized on the straight-line basis over the fixed, non-cancellable term of the associated hosting arrangement plus any reasonably certain renewal periods. We apply the same impairment model to these assets as we use to evaluate internally-developed software for impairment.",NVIDIA,1,significant_accounting_policies,5. recognize revenue when (or as) the Company satisfies a performance obligation.,3,False,,"score=2,idx=6977,zone=11572",688,OK,
0001125376,ENSG,2013,0001125376_ENSG_FY2013_10K.html,,,Not disclosed,Not disclosed,,,No,,Not disclosed,,Not disclosed,,0,unknown,,0,False,,"score=4,idx=24480,zone=2384",20,OK,
0001125376,ENSG,2014,0001125376_ENSG_FY2014_10K.html,,,Not disclosed,Not disclosed,,,No,,Not disclosed,,Not disclosed,,0,unknown,,0,False,,"score=4,idx=33675,zone=2220",27,OK,
0001125376,ENSG,2015,0001125376_ENSG_FY2015_10K.html,,,Not disclosed,Not disclosed,,,No,,Not disclosed,,Not disclosed,,0,unknown,,0,False,,"score=4,idx=34124,zone=1293",17,OK,
0001125376,ENSG,2016,0001125376_ENSG_FY2016_10K.html,,,Not disclosed,Not disclosed,,,No,,Not disclosed,,Not disclosed,,0,unknown,,0,False,,"score=4,idx=33508,zone=1293",14,OK,
0001125376,ENSG,2017,0001125376_ENSG_FY2017_10K.html,,,Not disclosed,Not disclosed,,,No,,Not disclosed,,Not disclosed,,0,unknown,,0,False,,"score=4,idx=33832,zone=1295",13,OK,
0001125376,ENSG,2018,0001125376_ENSG_FY2018_10K.html,,,Not disclosed,Not disclosed,,,No,,Not disclosed,,Not disclosed,,0,unknown,,0,False,,"score=4,idx=35026,zone=1340",13,OK,
0001125376,ENSG,2019,0001125376_ENSG_FY2019_10K.html,,"December 31, 2019",Not disclosed,Not disclosed,,,No,,Not disclosed,,Not disclosed,,0,unknown,,0,False,,"score=4,idx=31230,zone=2317",20,OK,
0001125376,ENSG,2020,0001125376_ENSG_FY2020_10K.html,,2021-02-03,Not disclosed,Not disclosed,,,No,,Not disclosed,,Not disclosed,,0,unknown,,0,False,,"score=2,idx=21505,zone=1150",20,OK,
0001125376,ENSG,2021,0001125376_ENSG_FY2021_10K.html,,2022-02-09,Equipment,Property and Equipment — Property and equipment are initially recorded at their historical cost. Repairs and maintenance are expensed as incurred. Depreciation is computed using the straight-line method over the estimated useful lives of the depreciable assets (ranging from three to 59 years). Leasehold improvements are amortized on a straight-line basis over the shorter of their estimated useful lives or the remaining lease term.,,,No,,Not disclosed,,Not disclosed,,0,significant_accounting_policies,2. SUMMARY OF SIGNIFICANT ACCOUNTING POLICIES Basis of Presentation,3,True,3.0-5.0 ans | 5.0 ans | 15.0 ans,"score=2,idx=17303,zone=15313",757,OK,
0001125376,ENSG,2022,0001125376_ENSG_FY2022_10K.html,,2023-02-02,Equipment,Property and Equipment — Property and equipment are initially recorded at their historical cost. Repairs and maintenance are expensed as incurred. Depreciation is computed using the straight-line method over the estimated useful lives of the depreciable assets (ranging from three to 59 years). Leasehold improvements are amortized on a straight-line basis over the shorter of their estimated useful lives or the remaining lease term.,,,No,,Not disclosed,,Not disclosed,,0,significant_accounting_policies,2. SUMMARY OF SIGNIFICANT ACCOUNTING POLICIES,3,False,,"score=2,idx=17306,zone=14040",707,OK,
0001125376,ENSG,2023,0001125376_ENSG_FY2023_10K.html,,2024-02-01,Equipment,Property and Equipment — Property and equipment are initially recorded at their historical cost. Repairs and maintenance are expensed as incurred. Depreciation is computed using the straight-line method over the estimated useful lives of the depreciable assets (ranging from three to 59 years). Leasehold improvements are amortized on a straight-line basis over the shorter of their estimated useful lives or the remaining lease term.,,,No,,Not disclosed,,Not disclosed,,0,significant_accounting_policies,2. SUMMARY OF SIGNIFICANT ACCOUNTING POLICIES,3,False,,"score=2,idx=17477,zone=14180",694,OK,
0001125376,ENSG,2024,0001125376_ENSG_FY2024_10K.html,,2025-02-05,Equipment,Property and Equipment — Property and equipment are initially recorded at their historical cost. Repairs and maintenance are expensed as incurred. Depreciation is computed using the straight-line method over the estimated useful lives of the depreciable assets (ranging from three to 59 years). Leasehold improvements are amortized on a straight-line basis over the shorter of their estimated useful lives or the remaining lease term.,,,No,,Not disclosed,,Not disclosed,,0,significant_accounting_policies,2. SUMMARY OF SIGNIFICANT ACCOUNTING POLICIES,3,False,,"score=2,idx=17052,zone=15136",695,OK,
0001201792,APEI,2013,0001201792_APEI_FY2013_10K.html,,"December 31, 2013",equipment upon completion of each program and amortized using the straight line method over an estimated life not to exceed,All property and equipment are carried at cost less accumulated depreciation. Costs are transferred to property and equipment upon completion of each program and amortized using the straight line method over an estimated life not to exceed three years.,5.0,,No,,Not disclosed,,Not disclosed,,0,significant_accounting_policies,Note 1. Nature of Business and Significant Accounting Policies,3,True,3.0 ans | 5.0 ans | 7.0 ans | 10.0 ans,"score=5,idx=10332,zone=11400",371,OK,
0001201792,APEI,2014,0001201792_APEI_FY2014_10K.html,,"December 31, 2014",equipment upon completion of each program and amortized over an estimated life not to exceed,"All property and equipment are carried at cost less accumulated depreciation, except the acquired assets of HCON, which were recorded at fair value at the acquisition date. These costs are transferred to property and equipment upon completion of each program and amortized over an estimated life not to exceed three years.",5.0,,No,,Not disclosed,,Not disclosed,,0,significant_accounting_policies,Note 1. Nature of Business and Significant Accounting Policies,3,True,1.0-5.0 ans | 3.0 ans | 5.0 ans | 7.0 ans | 15.0 ans,"score=5,idx=12316,zone=13598",433,OK,
0001201792,APEI,2015,0001201792_APEI_FY2015_10K.html,,,equipment upon completion of each program and amortized over an estimated life not to exceed,"All property and equipment are carried at cost less accumulated depreciation, except the acquired assets of HCON, which were recorded at fair value at the acquisition date. These costs are transferred to property and equipment upon completion of each program and amortized over an estimated life not to exceed three years .",5.0,,No,,Not disclosed,,"In April 2015, the FASB issued ASU No. 2015-05, “Intangibles-Goodwill and Other-Internal-Use Software, Customer's Accounting for Fees Paid in a Cloud Computing Arrangement (Subtopic 350-40)” (“ASU 2015-05”). ASU 2015-05 requires customers to determine whether a cloud computing arrangement contains a software license. If the arrangement contains a software license, customers must account for fees related to the software license element in a manner consistent with how the acquisition of other software licenses is accounted for under ASC 350-40; if the arrangement does not contain a software license, customers must account for the arrangement as a service contract. ASU 2015-05 will take effect for us for the year ending December 31, 2016 and all interim periods therein. Entities may adopt ASU 2015-05: (i) retrospectively, or (ii) prospectively to arrangements entered into, or materially modified, after ASU 2015-05's effective date.",,0,ppe_note,Note 13. Quarterly Financial Summary (unaudited),3,True,1.0-5.0 ans | 3.0 ans | 5.0 ans | 7.0 ans | 15.0 ans,"score=7,idx=13917,zone=17100",586,OK,
0001201792,APEI,2016,0001201792_APEI_FY2016_10K.html,,,equipment,"Useful Life 2015 2016 (in thousands) Land — $ 9,501 $ 9,394 Building and building improvements 27.5 - 39 years 58,429 54,541 Leasehold improvements up to 15 years 1,002 1,208 Office equipment 5 years 2,322 2,219 Computer equipment 3 years 25,179 22,492 Furniture and fixtures 7 years 8,124 8,036 Other capital assets 5 years 1,829 128 Software development 5 years 74,737 79,452 Program development 3 years 4,920 6,966 186,043 184,436 Accumulated depreciation and amortization 76,762 86,749 $ 109,281 $ 97,687",5.0,,Yes,". The standard requires customers to determine whether a cloud computing arrangement contains a software license. If the arrangement contains a software license, customers must account for fees related to the software license element in a manner consistent with how the acquisition of other software licenses is accounted for under ASC 350-40; if the arrangement does not contain a software license, customers must account for the arrangement as a service contract. ASU 2015-05 was effective for the Company for the fiscal year ending December 31, 2016. The prospective adoption of this standard did not have a material impact on the Company’s Consolidated Financial Statements.",Not disclosed,,"Intangibles-Goodwill and Other-Internal-Use Software, Customer’s Accounting for Fees Paid in a Cloud Computing Arrangement (Subtopic 350-40) ||| . The standard requires customers to determine whether a cloud computing arrangement contains a software license. If the arrangement contains a software license, customers must account for fees related to the software license element in a manner consistent with how the acquisition of other software licenses is accounted for under ASC 350-40; if the arrangement does not contain a software license, customers must account for the arrangement as a service contract. ASU 2015-05 was effective for the Company for the fiscal year ending December 31, 2016. The prospective adoption of this standard did not have a material impact on the Company’s Consolidated Financial Statements. ||| In April 2015, the FASB issued ASU No. 2015-05, Intangibles-Goodwill and Other-Internal-Use Software, Customer’s Accounting for Fees Paid in a Cloud Computing Arrangement (Subtopic 350-40) . The standard requires customers to determine whether a cloud computing arrangement contains a software license. If the arrangement contains a software license, customers must account for fees related to the software license element in a manner consistent with how the acquisition of other software licenses is accounted for under ASC 350-40; if the arrangement does not contain a software license, customers must account for the arrangement as a service contract. ASU 2015-05 was effective for the Company for the fiscal year ending December 31, 2016. The prospective adoption of this standard did not have a material impact on the Company’s Consolidated Financial Statements.",,0,ppe_note,Note 16. Quarterly Financial Summary (unaudited),3,True,3.0 ans | 5.0 ans | 7.0 ans | 15.0 ans,"score=7,idx=14912,zone=17632",685,OK,
0001201792,APEI,2017,0001201792_APEI_FY2017_10K.html,,,equipment,"Useful Life 2016 2017 (in thousands) Land — $ 9,244 $ 9,244 Building and building improvements 27.5 - 39 years 54,691 54,408 Leasehold improvements up to 15 years 1,208 1,437 Office equipment 5 years 2,219 2,248 Computer equipment 3 years 22,492 22,736 Furniture and fixtures 7 years 8,036 8,022 Other capital assets 5 years 128 128 Software development 5 years 79,452 84,178 Program development 3 years 6,966 9,150 184,436 191,551 Accumulated depreciation and amortization 86,749 99,177 $ 97,687 $ 92,374",5.0,,No,,Not disclosed,,Not disclosed,,0,ppe_note,Note 16. Quarterly Financial Summary (unaudited),3,True,3.0 ans | 5.0 ans | 7.0 ans | 15.0 ans,"score=7,idx=14510,zone=18086",741,OK,
0001201792,APEI,2018,0001201792_APEI_FY2018_10K.html,,"December 31, 2018",equipment,"Useful Life 2017 2018 (in thousands) Land — $ 9,244 $ 9,244 Building and building improvements 15 - 39 years 54,408 54,496 Leasehold improvements up to 15 years 1,437 1,473 Office equipment 5 years 2,248 2,240 Computer equipment 3 years 22,736 25,618 Furniture and fixtures 7 years 8,022 8,391 Other capital assets 5 years 128 128 Software development 5 years 84,178 87,058 Program development 3 years 12,025 12,597 194,426 201,245 Accumulated depreciation and amortization 99,177 114,364 $ 95,249 $ 86,881",5.0,,No,,Not disclosed,,Not disclosed,,0,ppe_note,Note 15. Quarterly Financial Summary (unaudited),3,True,3.0 ans | 5.0 ans | 7.0 ans | 15.0 ans,"score=7,idx=13472,zone=14662",629,OK,
0001201792,APEI,2019,0001201792_APEI_FY2019_10K.html,,"December 31, 2019",equipment,"Useful Life 2018 2019 (in thousands) Land — $ 9,244 $ 9,244 Building and building improvements 15 - 39 years 54,496 54,592 Leasehold improvements up to 15 years 1,473 1,536 Office equipment 5 years 2,240 911 Computer equipment 3 years 25,618 22,090 Furniture and fixtures 7 years 8,391 9,035 Other capital assets 5 years 128 128 Software development 5 years 87,058 87,774 Program development 3 years 12,597 13,103 201,245 198,413 Accumulated depreciation and amortization 114,364 119,918 $ 86,881 $ 78,495",5.0,,No,,Not disclosed,,"Customer’s Accounting for Implementation Costs Incurred in a Cloud Computing Arrangement That is a Service Contract ||| , which amends ASC 350-40 to address a customer’s accounting for implementation costs incurred in a cloud computing arrangement that is a service contract. ||| In August 2018, the FASB issued ASU No. 2018-15, Intangibles - Goodwill and Other - Internal-Use Software (Subtopic 350-40): Customer’s Accounting for Implementation Costs Incurred in a Cloud Computing Arrangement That is a Service Contract , which amends ASC 350-40 to address a customer’s accounting for implementation costs incurred in a cloud computing arrangement that is a service contract. The amendments in this ASU provide clarifications which align the requirements for capitalizing implementation costs incurred in a hosting arrangement that is a service contract with the requirements for capitalizing implementation costs incurred to develop or obtain internal-use software or software licenses. The accounting for the service element of a hosting arrangement that is a service contract is not affected by these amendments. The guidance will be effective for fiscal years beginning after December 15, 2019, including interim periods within those fiscal years. Early adoption was permitted. The Company adopted this standard effective January 1, 2020 using the prospective approach, and will evaluate future implementation costs incurred after January 1, 2020 under the new standard.",,0,ppe_note,Note 15. Quarterly Financial Summary (unaudited),3,True,3.0 ans | 5.0 ans | 7.0 ans | 15.0 ans,"score=7,idx=13325,zone=15956",719,OK,
0001201792,APEI,2020,0001201792_APEI_FY2020_10K.html,,2021-03-01,equipment,"As of December 31, Useful Life 2019 2020 (in thousands) Land — $ 9,244 $ 9,019 Building and building improvements 15 - 39 years 54,592 53,309 Leasehold improvements up to 15 years 1,536 1,569 Office equipment 5 years 911 587 Computer equipment 3 years 22,090 20,227 Furniture and fixtures 7 years 9,035 8,447 Other capital assets 5 years 128 150 Software development 5 years 87,774 89,320 Program development 3 years 13,103 13,370 198,413 195,998 Accumulated depreciation and amortization 119,918 127,564 $ 78,495 $ 68,434",5.0,,No,,Not disclosed,,"In August 2018, FASB issued ASU No. 2018-15, Intangibles - Goodwill and Other - Internal-Use Software (Subtopic 350-40): Customer’s Accounting for Implementation Costs Incurred in a Cloud Computing Arrangement That is a Service Contract , which amends ASC 350-40 to address a customer’s accounting for implementation costs incurred in a cloud computing arrangement that is a service contract. This ASU aligns the requirements for capitalizing implementation costs incurred in a hosting arrangement that is a service contract with the requirements for capitalizing implementation costs incurred to develop or obtain internal-use software or software licenses. The accounting for the service element of a hosting arrangement that is a service contract is not affected by this amendment. The guidance is effective for fiscal years beginning after December 15, 2019, including interim periods within those fiscal years. Early adoption was permitted. The Company adopted this standard effective January 1, 2020 using the prospective approach. The adoption of this standard did not have a material impact on its Consolidated Financial Statements. ||| Customer’s Accounting for Implementation Costs Incurred in a Cloud Computing Arrangement That is a Service Contract ||| , which amends ASC 350-40 to address a customer’s accounting for implementation costs incurred in a cloud computing arrangement that is a service contract.",,0,ppe_note,Note 5. Property and Equipment,3,True,3.0 ans | 5.0 ans | 7.0 ans | 15.0 ans,"score=5,idx=9219,zone=8937",603,OK,
0001201792,APEI,2021,0001201792_APEI_FY2021_10K.html,,2021-12-31,equipment,"As of December 31, Useful Life 2020 2021 (in thousands) Land — $ 9,019 $ 8,952 Building and building improvements 15 - 39 years 53,309 51,936 Leasehold improvements up to 15 years 1,569 30,342 Office equipment 5 years 587 1,139 Computer equipment 3 - 5 years 20,227 22,509 Furniture and fixtures 5 - 7 years 8,447 15,433 Other capital assets 5 years 150 168 Software development 3 - 5 years 89,320 79,088 Program development 3 years 13,370 11,062 195,998 220,629 Accumulated depreciation and amortization 127,564 118,212 $ 68,434 $ 102,417",3.0,5.0,Not disclosed,,Not disclosed,,Not disclosed,,0,ppe_note,Note 5. Property and Equipment,3,False,,"score=5,idx=9763,zone=9598",588,ERROR,'<' not supported between instances of 'float' and 'NoneType'
0001201792,APEI,2022,0001201792_APEI_FY2022_10K.html,,2022-12-31,equipment,"As of December 31, Useful Life 2021 2022 (in thousands) Land — $ 8,952 $ 8,798 Building and building improvements 15 - 39 years 51,936 50,589 Leasehold improvements up to 15 years 30,342 37,157 Office equipment 5 years 1,139 1,461 Computer equipment 3 - 5 years 22,509 23,658 Furniture and fixtures 5 - 7 years 15,433 17,924 Other capital assets 5 years 168 168 Software development 3 - 5 years 79,088 74,314 Program development 3 years 11,062 11,631 220,629 225,700 Accumulated depreciation and amortization 118,212 124,808 $ 102,417 $ 100,892",3.0,5.0,Not disclosed,,Not disclosed,,Not disclosed,,0,ppe_note,Note 5. Property and Equipment,3,False,,"score=5,idx=10714,zone=10716",642,ERROR,'<' not supported between instances of 'float' and 'NoneType'
0001201792,APEI,2023,0001201792_APEI_FY2023_10K.html,,2024-02-29,equipment,"As of December 31, Useful Life 2022 2023 (in thousands) Land — $ 8,798 $ 8,268 Building and building improvements 15 - 39 years 50,589 40,109 Leasehold improvements up to 20 years 37,157 42,924 Office equipment 5 years 1,461 1,492 Computer equipment 3 - 5 years 23,658 27,493 Furniture and fixtures 5 - 7 years 17,924 18,493 Other capital assets 5 years 168 81 Software development 3 - 5 years 74,314 72,149 Program development 3 years 11,631 12,236 225,700 223,245 Accumulated depreciation and amortization 124,808 135,742 $ 100,892 $ 87,503",3.0,5.0,Not disclosed,,Not disclosed,,Not disclosed,,0,ppe_note,Note 5. Property and Equipment,3,False,,"score=5,idx=11306,zone=11103",663,ERROR,'<' not supported between instances of 'NoneType' and 'float'
0001201792,APEI,2024,0001201792_APEI_FY2024_10K.html,,2024-12-31,equipment,"As of December 31, Useful Life 2023 2024 (in thousands) Land — $ 8,268 $ 3,161 Building and building improvements 15 - 39 years 40,109 16,715 Leasehold improvements up to 20 years 42,924 49,828 Office equipment 5 years 1,492 1,879 Computer equipment 3 - 5 years 27,493 25,265 Furniture and fixtures 5 - 7 years 18,493 19,751 Other capital assets 5 years 81 81 Software development 3 - 5 years 72,149 74,173 Program development 3 years 12,236 14,854 223,245 205,707 Less: accumulated depreciation and amortization (135,742) (132,324) $ 87,503 $ 73,383",3.0,5.0,Not disclosed,,Not disclosed,,Not disclosed,,0,ppe_note,Note 5. Property and Equipment,3,False,,"score=5,idx=11076,zone=10995",666,ERROR,'<' not supported between instances of 'NoneType' and 'float'
0001376139,CVI,2013,0001376139_CVI_FY2013_10K.html,,"December 31, 2013",Not disclosed,Not disclosed,,,No,,Not disclosed,,Not disclosed,,0,unknown,,0,False,,"score=4,idx=25312,zone=23604",1267,OK,
0001376139,CVI,2014,0001376139_CVI_FY2014_10K.html,,"December 31, 2014",information technology,"Selling, general and administrative expenses (exclusive of depreciation and amortization) consist primarily of legal expenses, treasury, accounting, marketing, human resources, information technology and maintaining the corporate and administrative offices in Texas and Kansas.",,,No,,Not disclosed,,Not disclosed,,0,notes_to_financials,"Note 8 (""Insurance Claims"")",2,False,,"score=4,idx=30458,zone=23742",1182,OK,
0001376139,CVI,2015,0001376139_CVI_FY2015_10K.html,,"December 31, 2015",equipment,"The underlying assets and related depreciation were included in property, plant and equipment.",,,No,,Not disclosed,,Not disclosed,,0,significant_accounting_policies,"Note 2 (""Summary of Significant Accounting Policies"")",3,False,,"score=4,idx=28627,zone=22837",1119,OK,
0001376139,CVI,2016,0001376139_CVI_FY2016_10K.html,,"December 31, 2016",equipment,"The underlying assets and related depreciation were included in property, plant and equipment.",,,No,,Not disclosed,,Not disclosed,,0,significant_accounting_policies,"Note 2 (""Summary of Significant Accounting Policies"")",3,False,,"score=4,idx=29256,zone=23393",1281,OK,
0001376139,CVI,2017,0001376139_CVI_FY2017_10K.html,,"December 31, 2017",equipment,"The underlying assets and related depreciation are included in property, plant and equipment.",,,No,,Not disclosed,,Not disclosed,,0,significant_accounting_policies,"Note 2 (""Summary of Significant Accounting Policies"")",3,False,,"score=4,idx=28277,zone=21603",1070,OK,
0001376139,CVI,2018,0001376139_CVI_FY2018_10K.html,,"December 31, 2018",information technology,"Cost of materials and other (exclusive of depreciation and amortization) includes cost of crude oil, other feedstocks, blendstocks, purchased refined products, pet coke expenses, renewable identification numbers (“RINs”) expenses, derivative gain or losses and freight and distribution costs. Direct operating expenses (exclusive of depreciation and amortization) consist primarily of energy and other utility costs, direct costs of labor, including applicable share-based compensation expense, property taxes, plant-related maintenance services, including turnaround, and environmental and safety compliance costs as well as catalyst and chemical costs. Selling, general and administrative expenses consist primarily of labor and other direct expenses associated with the Company’s corporate activities, including accounting, finance, information technology, human resources, legal and other related administrative functions. For the Company’s Nitrogen Fertilizer Segment, each of these financial statement line items are also impacted by changes in inventory balances.",,,No,,Not disclosed,,"In August 2018, the FASB issued ASU 2018-15, Intangibles-Goodwill and Other-Internal-Use Software (Subtopic 350-40). This ASU addresses customer’s accounting for implementation costs incurred in a cloud computing arrangement that is a service contract and also adds certain disclosure requirements related to implementation costs incurred for internal-use software and cloud computing arrangements. The amendment aligns the requirements for capitalizing implementation costs incurred in a hosting arrangement that is a service contract with the requirements for capitalizing implementation costs incurred to develop or obtain internal-use software (and hosting arrangements that include an internal-use software license). This standard is effective for the Company beginning January 1, 2020, with early adoption permitted. The amendments in this standard can be applied either retrospectively or prospectively to all implementation costs incurred after the date of adoption. The Company is evaluating the effect of adopting this new accounting guidance on its consolidated financial statements, but does not expect adoption will have a material impact on the Company’s consolidated financial position or results of operations.",,0,item_8_other,,1,False,,"score=4,idx=16787,zone=26944",750,OK,
0001376139,CVI,2019,0001376139_CVI_FY2019_10K.html,,"December 31, 2019",information technology,"Selling, general and administrative expenses (exclusive of depreciation and amortization) consist primarily of labor and other direct expenses associated with the Company’s corporate activities, including accounting, finance, information technology, human resources, legal, and other related administrative functions.",,,No,,Not disclosed,,Not disclosed,,0,item_8_other,,1,False,,"score=2,idx=14932,zone=13884",684,OK,
0001376139,CVI,2020,0001376139_CVI_FY2020_10K.html,,2021-01-27,information technology,"Selling, general and administrative expenses (exclusive of depreciation and amortization) consist primarily of labor and other direct expenses associated with the Company’s corporate activities, including accounting, finance, information technology, human resources, legal, and other related administrative functions.",,,No,,Not disclosed,,Not disclosed,B100,1,item_8_other,,1,False,,"score=2,idx=14133,zone=11524",667,OK,
0001376139,CVI,2021,0001376139_CVI_FY2021_10K.html,,2022-03-31,information technology,"Selling, general and administrative expenses (exclusive of depreciation and amortization) consist primarily of labor and other direct expenses associated with the Company’s corporate activities, including accounting, finance, information technology, human resources, legal, and other related administrative functions.",,,No,,Not disclosed,,Not disclosed,,0,item_8_other,,1,False,,"score=2,idx=15504,zone=11251",659,OK,
0001376139,CVI,2022,0001376139_CVI_FY2022_10K.html,,2023-03-13,information technology,"Selling, general and administrative expenses (exclusive of depreciation and amortization) consist primarily of labor and other direct expenses associated with the Company’s corporate activities, including accounting, finance, information technology, human resources, legal, and other related administrative functions.",,,No,,Not disclosed,,Not disclosed,,0,item_8_other,,1,False,,"score=2,idx=16861,zone=11489",631,OK,
0001376139,CVI,2023,0001376139_CVI_FY2023_10K.html,,2024-03-31,information technology,"Selling, general and administrative expenses (exclusive of depreciation and amortization) consist primarily of labor and other direct expenses associated with the Company’s corporate activities, including accounting, finance, information technology, human resources, legal, and other related administrative functions.",,,No,,Not disclosed,,Not disclosed,,0,item_8_other,,1,False,,"score=2,idx=16823,zone=12720",672,OK,
0001376139,CVI,2024,0001376139_CVI_FY2024_10K.html,,2025-03-10,information technology,"Selling, general and administrative expenses (exclusive of depreciation and amortization) consist primarily of labor and other direct expenses associated with the Company’s corporate activities, including accounting, finance, information technology, human resources, legal, and other related administrative functions.",,,No,,Not disclosed,,Not disclosed,,0,item_8_other,,1,False,,"score=2,idx=16659,zone=12932",687,OK,
0001376339,MDXG,2013,0001376339_MDXG_FY2013_10K.html,,"December 31, 2013",Not disclosed,Not disclosed,,,No,,Not disclosed,,Not disclosed,,0,unknown,,0,False,,"score=4,idx=6252,zone=13929",543,OK,
0001376339,MDXG,2014,0001376339_MDXG_FY2014_10K.html,,"December 31, 2014",Not disclosed,Not disclosed,,,No,,Not disclosed,,Not disclosed,,0,unknown,,0,False,,"score=4,idx=6655,zone=12412",540,OK,
0001376339,MDXG,2015,0001376339_MDXG_FY2015_10K.html,,"December 31, 2015",Not disclosed,Not disclosed,,,No,,Not disclosed,,Not disclosed,,0,unknown,,0,False,,"score=4,idx=5794,zone=12397",556,OK,
0001376339,MDXG,2016,0001376339_MDXG_FY2016_10K.html,,"December 31, 2016",Not disclosed,Not disclosed,,,No,,Not disclosed,,Not disclosed,,0,unknown,,0,False,,"score=4,idx=7125,zone=14476",595,OK,
0001376339,MDXG,2017,0001376339_MDXG_FY2017_10K.html,,"December 31, 2016",Not disclosed,Not disclosed,,,No,,Not disclosed,,Not disclosed,,0,unknown,,0,False,,"score=4,idx=7125,zone=14476",595,OK,
0001376339,MDXG,2019,0001376339_MDXG_FY2019_10K.html,,"December 31, 2018",equipment,"Property and equipment are recorded at cost and depreciated on a straight-line method over their estimated useful lives, principally three years to seven years .",3.0,,No,,Not disclosed,,Not disclosed,,0,significant_accounting_policies,3. Significant Accounting Policies,3,True,3.0 ans | 7.0 ans,"score=4,idx=19982,zone=22750",1041,OK,
0001376339,MDXG,2020,0001376339_MDXG_FY2020_10K.html,,2025-07-02,equipment,"Property and equipment are recorded at cost and depreciated on a straight-line method over their estimated useful lives, principally three to seven years.",3.0,7.0,No,,Not disclosed,,Not disclosed,,0,significant_accounting_policies,2. Significant Accounting Policies,3,False,,"score=2,idx=9401,zone=9349",829,OK,
0001376339,MDXG,2021,0001376339_MDXG_FY2021_10K.html,,2025-07-02,equipment,"Property and equipment are recorded at cost and depreciated on a straight-line method over their estimated useful lives, principally three to seven years.",3.0,7.0,No,,Not disclosed,,Not disclosed,,0,significant_accounting_policies,2. Significant Accounting Policies,3,False,,"score=2,idx=7246,zone=8928",772,OK,
0001376339,MDXG,2022,0001376339_MDXG_FY2022_10K.html,,2023-01-27,equipment,"Property and equipment are recorded at cost and depreciated on a straight-line method over their estimated useful lives, principally three to seven years.",3.0,7.0,No,,Not disclosed,,Not disclosed,,0,significant_accounting_policies,2. Significant Accounting Policies,3,False,,"score=2,idx=8528,zone=10197",828,OK,
0001376339,MDXG,2023,0001376339_MDXG_FY2023_10K.html,,2024-02-27,equipment,"Property and equipment are recorded at cost and depreciated on a straight-line method over their estimated useful lives, principally three to seven years.",3.0,7.0,No,,Not disclosed,,Not disclosed,,0,significant_accounting_policies,2. Significant Accounting Policies,3,False,,"score=2,idx=4909,zone=8902",624,OK,
0001376339,MDXG,2024,0001376339_MDXG_FY2024_10K.html,,"December 31, 2024",equipment,"Property and equipment are recorded at cost and depreciated on a straight-line method over their estimated useful lives, principally three to seven years.",3.0,7.0,No,,Not disclosed,,Not disclosed,,0,significant_accounting_policies,2. Significant Accounting Policies,3,False,,"score=2,idx=5252,zone=9654",677,OK,
0001393883,DHX,2013,0001393883_DHX_FY2013_10K.html,,,"equipment, furniture and fixtures, computer software","Depreciation of equipment, furniture and fixtures, computer software and capitalized website development costs are provided under the straight-line method over estimated useful lives ranging from two to five years.",2.0,5.0,No,,"Depreciation expense for the year ended December 31, 2012 was $5.7 million compared to $4.7 million for the same period of 2011, an increase of $918,000 or 19.4%. The increase was primarily related to increased depreciation on assets purchased for a data center conversion that occurred in the third quarter of 2011, as well as the addition of Slashdot Media assets and related depreciation and other capital additions to hardware, software, and web development costs at the Tech & Clearance segment.",MD&A (Item 7),Not disclosed,,0,significant_accounting_policies,2. SIGNIFICANT ACCOUNTING POLICIES,3,False,,"score=3,idx=13460,zone=19477",655,OK,
0001393883,DHX,2014,0001393883_DHX_FY2014_10K.html,,,"equipment, furniture and fixtures, computer software","Depreciation of equipment, furniture and fixtures, computer software and capitalized website development costs are provided under the straight-line method over estimated useful lives ranging from two to five years.",2.0,5.0,No,,Not disclosed,,Not disclosed,,0,significant_accounting_policies,2. SIGNIFICANT ACCOUNTING POLICIES,3,False,,"score=3,idx=13351,zone=19488",628,OK,
0001393883,DHX,2015,0001393883_DHX_FY2015_10K.html,,,"equipment, furniture and fixtures, computer software","Depreciation of equipment, furniture and fixtures, computer software and capitalized website development costs are provided under the straight-line method over estimated useful lives ranging from two to five years.",2.0,5.0,No,,Not disclosed,,Not disclosed,,0,significant_accounting_policies,2. SIGNIFICANT ACCOUNTING POLICIES,3,False,,"score=3,idx=14397,zone=18109",627,OK,
0001393883,DHX,2016,0001393883_DHX_FY2016_10K.html,,,"equipment, furniture and fixtures, computer software","Depreciation of equipment, furniture and fixtures, computer software and capitalized website development costs are provided under the straight-line method over estimated useful lives ranging from two to five years.",2.0,5.0,No,,Not disclosed,,Not disclosed,,0,significant_accounting_policies,2. SIGNIFICANT ACCOUNTING POLICIES,3,False,,"score=3,idx=15195,zone=17204",619,OK,
0001393883,DHX,2017,0001393883_DHX_FY2017_10K.html,,,"equipment, furniture and fixtures, computer software","Depreciation of equipment, furniture and fixtures, computer software and capitalized website development costs are provided under the straight-line method over estimated useful lives ranging from two to five years.",2.0,5.0,No,,Not disclosed,,Not disclosed,,0,significant_accounting_policies,2. SIGNIFICANT ACCOUNTING POLICIES,3,False,,"score=3,idx=15098,zone=16407",599,OK,
0001393883,DHX,2018,0001393883_DHX_FY2018_10K.html,,,"equipment, furniture and fixtures, computer software","Depreciation of equipment, furniture and fixtures, computer software and capitalized website development costs are provided under the straight-line method over estimated useful lives ranging from two to five years.",2.0,5.0,No,,Not disclosed,,"Intangibles-Goodwill and Other-Internal-Use Software: Customer's Accounting for Implementation Costs Incurred in a Cloud Computing Arrangement that is a Service Contract. ||| The new standard requires entities that are customers in cloud computing arrangements to defer implementation costs if they would be capitalized by the entity in software licensing arrangements under the internal-use software guidance. ASU No. 2018-15 is effective for fiscal years beginning after December 15, 2019 and interim periods within those years and early adoption is permitted. The amendments allow either a retrospective or prospective approach to all implementation costs incurred after adoption. The Company is evaluating the expected impact of this standard on its consolidated financial statements. ||| In August 2018, the FASB issued ASU No. 2018-15, Intangibles-Goodwill and Other-Internal-Use Software: Customer's Accounting for Implementation Costs Incurred in a Cloud Computing Arrangement that is a Service Contract. The new standard requires entities that are customers in cloud computing arrangements to defer implementation costs if they would be capitalized by the entity in software licensing arrangements under the internal-use software guidance. ASU No. 2018-15 is effective for fiscal years beginning after December 15, 2019 and interim periods within those years and early adoption is permitted. The amendments allow either a retrospective or prospective approach to all implementation costs incurred after adoption. The Company is evaluating the expected impact of this standard on its consolidated financial statements.",,0,significant_accounting_policies,2. SIGNIFICANT ACCOUNTING POLICIES,3,False,,"score=3,idx=15566,zone=18329",733,OK,
0001393883,DHX,2019,0001393883_DHX_FY2019_10K.html,,,"equipment, furniture and fixtures, computer software","Depreciation of equipment, furniture and fixtures, computer software and capitalized website development costs are provided under the straight-line method over estimated useful lives ranging from two to five years.",2.0,5.0,No,,Not disclosed,,"Intangibles-Goodwill and Other-Internal-Use Software: Customer's Accounting for Implementation Costs Incurred in a Cloud Computing Arrangement that is a Service Contract. ||| The new standard requires entities that are customers in cloud computing arrangements to defer implementation costs if they would be capitalized by the entity in software licensing arrangements under the internal-use software guidance. ASU No. 2018-15 is effective for fiscal years beginning after December 15, 2019 and interim periods within those years and early adoption is permitted. The amendments allow either a retrospective or prospective approach to all implementation costs incurred after adoption. The Company is evaluating the expected impact of this standard on its consolidated financial statements. ||| In August 2018, the FASB issued ASU No. 2018-15, Intangibles-Goodwill and Other-Internal-Use Software: Customer's Accounting for Implementation Costs Incurred in a Cloud Computing Arrangement that is a Service Contract. The new standard requires entities that are customers in cloud computing arrangements to defer implementation costs if they would be capitalized by the entity in software licensing arrangements under the internal-use software guidance. ASU No. 2018-15 is effective for fiscal years beginning after December 15, 2019 and interim periods within those years and early adoption is permitted. The amendments allow either a retrospective or prospective approach to all implementation costs incurred after adoption. The Company is evaluating the expected impact of this standard on its consolidated financial statements.",,0,significant_accounting_policies,2. SIGNIFICANT ACCOUNTING POLICIES,3,False,,"score=3,idx=17280,zone=18310",725,OK,
0001393883,DHX,2020,0001393883_DHX_FY2020_10K.html,,"December 31, 2020","equipment, furniture and fixtures, computer software","Fixed Assets— Depreciation of equipment, furniture and fixtures, computer software and capitalized website development costs are provided under the straight-line method over estimated useful lives ranging from two to five years.",2.0,5.0,No,,Not disclosed,,"In August 2018, the FASB issued ASU No. 2018-15, Intangibles-Goodwill and Other-Internal-Use Software: Customer's Accounting for Implementation Costs Incurred in a Cloud Computing Arrangement that is a Service Contract. The new standard requires entities that are customers in cloud computing arrangements to defer implementation costs if they would be capitalized by the entity in software licensing arrangements under the internal-use software guidance. ASU No. 2018-15 is effective for fiscal years beginning after December 15, 2019 and interim periods within those years. The amendments allow either a retrospective or prospective approach to all implementation costs incurred after adoption. The Company adopted this standard, effective January 1, 2020, under the prospective approach, and capitalized implementation costs are included in other assets on the Company's balance sheet. ||| Intangibles-Goodwill and Other-Internal-Use Software: Customer's Accounting for Implementation Costs Incurred in a Cloud Computing Arrangement that is a Service Contract. ||| The new standard requires entities that are customers in cloud computing arrangements to defer implementation costs if they would be capitalized by the entity in software licensing arrangements under the internal-use software guidance. ASU No. 2018-15 is effective for fiscal years beginning after December 15, 2019 and interim periods within those years. The amendments allow either a retrospective or prospective approach to all implementation costs incurred after adoption. The Company adopted this standard, effective January 1, 2020, under the prospective approach, and capitalized implementation costs are included in other assets on the Company's balance sheet.",,0,significant_accounting_policies,2. SIGNIFICANT ACCOUNTING POLICIES,3,False,,"score=2,idx=12667,zone=9581",573,OK,
0001393883,DHX,2021,0001393883_DHX_FY2021_10K.html,,"December 31, 2021","equipment, furniture and fixtures, computer software","Fixed Assets— Depreciation of equipment, furniture and fixtures, computer software and capitalized website development costs are provided under the straight-line method over estimated useful lives ranging from two to five years.",2.0,5.0,Not disclosed,,Not disclosed,,Not disclosed,,0,significant_accounting_policies,2. SIGNIFICANT ACCOUNTING POLICIES,3,False,,"score=2,idx=10753,zone=9136",542,ERROR,'<' not supported between instances of 'NoneType' and 'float'
0001393883,DHX,2022,0001393883_DHX_FY2022_10K.html,,"December 31, 2022","equipment, furniture and fixtures, computer software","Fixed Assets— Depreciation of equipment, furniture and fixtures, computer software and capitalized website development costs are provided under the straight-line method over estimated useful lives ranging from two to five years.",2.0,5.0,Not disclosed,,Not disclosed,,Not disclosed,,0,significant_accounting_policies,2. SIGNIFICANT ACCOUNTING POLICIES,3,False,,"score=2,idx=11054,zone=8308",556,ERROR,'<' not supported between instances of 'NoneType' and 'float'
0001393883,DHX,2023,0001393883_DHX_FY2023_10K.html,,2023-12-31,"equipment, furniture and fixtures, computer software","Fixed Assets— Depreciation of equipment, furniture and fixtures, computer software and capitalized website development costs are provided under the straight-line method over estimated useful lives ranging from two to five years.",2.0,5.0,Not disclosed,,Not disclosed,,Not disclosed,,0,significant_accounting_policies,2. SIGNIFICANT ACCOUNTING POLICIES,3,False,,"score=2,idx=8895,zone=7849",553,ERROR,'<' not supported between instances of 'NoneType' and 'float'
0001393883,DHX,2024,0001393883_DHX_FY2024_10K.html,,2025-01-13,"equipment, furniture and fixtures, computer software","Fixed Assets— Depreciation of equipment, furniture and fixtures, computer software and capitalized website development costs are provided under the straight-line method over estimated useful lives ranging from two to five years.",2.0,5.0,Not disclosed,,Not disclosed,,Not disclosed,,0,significant_accounting_policies,2. SIGNIFICANT ACCOUNTING POLICIES,3,False,,"score=2,idx=8879,zone=7691",543,ERROR,'<' not supported between instances of 'NoneType' and 'float'
0001397187,LULU,2013,0001397187_LULU_FY2013_10K.html,,,information technology,"Our selling, general and administrative expenses include marketing costs, accounting costs, information technology costs, human resource costs, professional fees, corporate facility costs, corporate and store-level payroll and benefits expenses, stock-based compensation and occupancy, depreciation and amortization expense for all assets other than depreciation expenses related to store-level capital expenditures and our distribution centers, each of which are included in cost of goods sold.",,,No,,Not disclosed,,Not disclosed,,0,item_8_other,,1,False,,"score=5,idx=10577,zone=23208",1020,OK,
0001397187,LULU,2014,0001397187_LULU_FY2014_10K.html,,"February 1, 2015",equipment,Property and equipment are recorded at cost less accumulated depreciation.,,,No,,Not disclosed,,Not disclosed,,0,item_8_other,,1,False,,"score=7,idx=10473,zone=25337",590,OK,
0001397187,LULU,2015,0001397187_LULU_FY2015_10K.html,,,equipment,Property and equipment are recorded at cost less accumulated depreciation.,,,No,,Not disclosed,,"(""ASC 350-40"") to provide guidance to customers about whether a cloud computing arrangement includes a software license. This guidance requires that if a cloud computing arrangement includes a software license, the customer should account for the software license element of the arrangement consistent with the acquisition of other software licenses. If a cloud computing arrangement does not include a software license, the customer should account for the arrangement as a service contract. This guidance is effective for public companies for years, and interim periods within those years, beginning on or after December 15, 2015, and early application is permitted. This guidance will be effective for the Company beginning in its first quarter of fiscal 2016. The Company is currently evaluating the impact that this new guidance may have on its consolidated financial statements. ||| In April 2015, the FASB amended ASC Subtopic 350-40, Intangibles - Goodwill and Other - Internal-Use Software (""ASC 350-40"") to provide guidance to customers about whether a cloud computing arrangement includes a software license. This guidance requires that if a cloud computing arrangement includes a software license, the customer should account for the software license element of the arrangement consistent with the acquisition of other software licenses. If a cloud computing arrangement does not include a software license, the customer should account for the arrangement as a service contract. This guidance is effective for public companies for years, and interim periods within those years, beginning on or after December 15, 2015, and early application is permitted. This guidance will be effective for the Company beginning in its first quarter of fiscal 2016. The Company is currently evaluating the impact that this new guidance may have on its consolidated financial statements.",,0,item_8_other,,1,False,,"score=7,idx=10712,zone=22950",589,OK,
0001397187,LULU,2016,0001397187_LULU_FY2016_10K.html,,,equipment,Property and equipment are recorded at cost less accumulated depreciation.,,,No,,Not disclosed,,"to provide guidance to customers about whether a cloud computing arrangement includes a software license. This guidance requires that if a cloud computing arrangement includes a software license, the customer should account for the software license element of the arrangement consistent with the acquisition of other software licenses. If a cloud computing arrangement does not include a software license, the customer should account for the arrangement as a service contract. This guidance became effective for the Company beginning in its first quarter of fiscal 2016 and it was adopted prospectively. The adoption did not have a material impact on the Company's consolidated financial statements. ||| In April 2015, the FASB amended ASC Subtopic 350-40, Intangibles - Goodwill and Other - Internal-Use Software to provide guidance to customers about whether a cloud computing arrangement includes a software license. This guidance requires that if a cloud computing arrangement includes a software license, the customer should account for the software license element of the arrangement consistent with the acquisition of other software licenses. If a cloud computing arrangement does not include a software license, the customer should account for the arrangement as a service contract. This guidance became effective for the Company beginning in its first quarter of fiscal 2016 and it was adopted prospectively. The adoption did not have a material impact on the Company's consolidated financial statements.",,0,significant_accounting_policies,Note 17,3,False,,"score=7,idx=10966,zone=23777",639,OK,
0001397187,LULU,2017,0001397187_LULU_FY2017_10K.html,,,equipment,Property and equipment are recorded at cost less accumulated depreciation.,,,No,,Not disclosed,,Not disclosed,,0,significant_accounting_policies,NOTE 1. NATURE OF OPERATIONS AND BASIS OF PRESENTATION,3,False,,"score=7,idx=12057,zone=25637",839,OK,
0001397187,LULU,2018,0001397187_LULU_FY2018_10K.html,,,equipment,Property and equipment are recorded at cost less accumulated depreciation.,,,No,,Not disclosed,,Not disclosed,,0,significant_accounting_policies,NOTE 1. NATURE OF OPERATIONS AND BASIS OF PRESENTATION,3,False,,"score=7,idx=12429,zone=27550",855,OK,
0001397187,LULU,2019,0001397187_LULU_FY2019_10K.html,,"February 2, 2020",equipment,Property and equipment are recorded at cost less accumulated depreciation.,,,No,,Not disclosed,,"Cloud computing arrangement implementation costs ||| In August 2018, the FASB clarified ASC 350-40, Intangibles - Goodwill and Other - Internal-Use Software , for certain aspects of accounting for implementation costs incurred in a cloud computing arrangement that is a service contract. Under the update, an entity expenses costs incurred in the preliminary-project and post-implementation-operation stages. An entity also capitalizes certain costs incurred during the application-development stage, as well as certain costs related to enhancements. The ASU does not change the accounting for the service component of a cloud computing arrangement. This standard is effective beginning in the first quarter of 2020, with early adoption permitted. The Company adopted this guidance in the first quarter of fiscal 2019, and it did not have a material impact on the Company's consolidated financial statements. ||| , for certain aspects of accounting for implementation costs incurred in a cloud computing arrangement that is a service contract. Under the update, an entity expenses costs incurred in the preliminary-project and post-implementation-operation stages. An entity also capitalizes certain costs incurred during the application-development stage, as well as certain costs related to enhancements. The ASU does not change the accounting for the service component of a cloud computing arrangement. This standard is effective beginning in the first quarter of 2020, with early adoption permitted. The Company adopted this guidance in the first quarter of fiscal 2019, and it did not have a material impact on the Company's consolidated financial statements.",,0,significant_accounting_policies,NOTE 2 . SUMMARY OF SIGNIFICANT ACCOUNTING POLICIES,3,True,10.0 ans | 15.0 ans,"score=7,idx=11385,zone=28931",874,OK,
0001397187,LULU,2020,0001397187_LULU_FY2020_10K.html,,2021-03-24,equipment,Property and equipment are recorded at cost less accumulated depreciation.,,,Unclear,"Acquired finite-lived intangible assets are amortized on a straight-line basis over their estimated useful lives, and are reviewed for impairment when events or circumstances indicate that the asset group to which the intangible assets belong might be impaired. The Company revises the estimated remaining useful life of these assets when events or changes in circumstances warrant a revision. If the Company revises the useful life, the unamortized balance is amortized over the remaining useful life on a prospective basis.",Not disclosed,,"– $38.4 million related to prepaid expenses and other current and non-current assets, including increases in cloud computing implementation costs; ||| $38.4 million related to prepaid expenses and other current and non-current assets, including increases in cloud computing implementation costs; ||| Capital expenditures related to corporate activities and other were $57.8 million and $95.7 million in 2020 and 2019, respectively. The capital expenditures in each fiscal year were primarily related to investments in information technology and business systems, and for capital expenditures related to opening retail locations other than company-operated stores. The decrease in capital expenditures for our corporate activities and other was partially due to more larger scale projects in the prior year in comparison to the current year as well as a shift to cloud computing. Implementation costs related to cloud service arrangements are capitalized within other non-current assets in the consolidated balance sheets and the associated cash flows are included in operating activities. We anticipate that we will continue to shift towards more cloud-based technology services in the future.",,0,significant_accounting_policies,NOTE 2. SUMMARY OF SIGNIFICANT ACCOUNTING POLICIES,3,True,10.0 ans | 15.0 ans,"score=5,idx=7171,zone=13574",716,OK,
0001397187,LULU,2021,0001397187_LULU_FY2021_10K.html,,2022-03-23,equipment,Property and equipment are recorded at cost less accumulated depreciation.,,,Unclear,"Acquired finite-lived intangible assets are amortized on a straight-line basis over their estimated useful lives, and are reviewed for impairment when events or circumstances indicate that the asset group to which the intangible assets belong might be impaired. The Company revises the estimated remaining useful life of these assets when events or changes in circumstances warrant a revision. If the Company revises the useful life, the unamortized balance is amortized over the remaining useful life on a prospective basis.",Not disclosed,,"Capital expenditures related to corporate activities and other were $123.2 million and $57.8 million in 2021 and 2020, respectively. The capital expenditures in each fiscal year were primarily related to investments in technology and business systems, and for capital expenditures related to opening retail locations other than company-operated stores. The increase in capital expenditures for our corporate activities and other was partially due to more larger scale projects, this was partially offset by a continued shift to cloud computing in 2021. Implementation costs related to cloud service arrangements are recognized within other non-current assets in the consolidated balance sheets and the associated cash flows are included in operating activities.",,0,significant_accounting_policies,NOTE 2. SUMMARY OF SIGNIFICANT ACCOUNTING POLICIES,3,True,10.0 ans | 15.0 ans,"score=5,idx=7293,zone=13605",683,OK,
0001397187,LULU,2022,0001397187_LULU_FY2022_10K.html,,"January 29, 2023",equipment,Property and equipment are recorded at cost less accumulated depreciation.,,,Unclear,"Acquired finite-lived intangible assets are amortized on a straight-line basis over their estimated useful lives, and are reviewed for impairment when events or circumstances indicate that the asset group to which the intangible assets belong might be impaired. The Company revises the estimated remaining useful life of these assets when events or changes in circumstances warrant a revision. If the Company revises the useful life, the unamortized balance is amortized over the remaining useful life on a prospective basis.",Not disclosed,,"– an increase in costs of $142.2 million primarily due to increased depreciation of $43.5 million and increased technology costs, including cloud computing amortization, of $35.7 million, as well as increased brand and community costs and professional fees; and ||| an increase in costs of $142.2 million primarily due to increased depreciation of $43.5 million and increased technology costs, including cloud computing amortization, of $35.7 million, as well as increased brand and community costs and professional fees; and ||| General Corporate Expenses. The increase in general corporate expenses was primarily due to increased employee costs, primarily from headcount growth and increased wage rates, as well as increased depreciation, technology costs including cloud computing amortization, brand and community costs, and professional fees. The increase in general corporate expenses was partially offset by a decrease in net foreign exchange and derivative losses of $0.8 million. We expect general corporate expenses to continue to increase in future years as we grow our overall business and require increased efforts at our head office to support our operations.",,0,significant_accounting_policies,Note 2. Summary of Significant Accounting Policies,3,True,10.0 ans | 15.0 ans,"score=5,idx=8024,zone=11668",660,OK,
0001397187,LULU,2023,0001397187_LULU_FY2023_10K.html,,"January 28, 2024",equipment,Property and equipment are recorded at cost less accumulated depreciation.,,,Unclear,"Acquired finite-lived intangible assets are amortized on a straight-line basis over their estimated useful lives, and are reviewed for impairment when events or circumstances indicate that the asset group to which the intangible assets belong might be impaired. The Company revises the estimated remaining useful life of these assets when events or changes in circumstances warrant a revision. If the Company revises the useful life, the unamortized balance is amortized over the remaining useful life on a prospective basis.",Not disclosed,,"– an increase in technology costs, including cloud computing amortization, of $37.1 million. ||| an increase in technology costs, including cloud computing amortization, of $37.1 million. ||| – an increase in costs of $142.2 million primarily due to increased depreciation of $43.5 million and increased technology costs, including cloud computing amortization, of $35.7 million, as well as increased brand and community costs and professional fees; and",,0,significant_accounting_policies,Note 2. Summary of Significant Accounting Policies,3,True,10.0 ans | 15.0 ans,"score=5,idx=10872,zone=12093",663,OK,
0001397187,LULU,2024,0001397187_LULU_FY2024_10K.html,,2025-03-21,equipment,Property and equipment are recorded at cost less accumulated depreciation.,,,Unclear,"Acquired finite-lived intangible assets are amortized on a straight-line basis over their estimated useful lives, and are reviewed for impairment when events or circumstances indicate that the asset group to which the intangible assets belong might be impaired. The Company revises the estimated remaining useful life of these assets when events or changes in circumstances warrant a revision. If the Company revises the useful life, the unamortized balance is amortized over the remaining useful life on a prospective basis.",Not disclosed,,"– an increase in technology costs, including cloud computing amortization, of $27.6 million; ||| an increase in technology costs, including cloud computing amortization, of $27.6 million;",,0,significant_accounting_policies,Note 2. Summary of Significant Accounting Policies,3,True,10.0 ans | 15.0 ans,"score=5,idx=8846,zone=12918",707,OK,
0001398659,G,2013,0001398659_G_FY2013_10K.html,,"December 31, 2013",Not disclosed,Not disclosed,,,No,,Not disclosed,,Not disclosed,,0,unknown,,0,False,,"score=4,idx=13354,zone=4",1,OK,
0001398659,G,2014,0001398659_G_FY2014_10K.html,,"December 31, 2014",Not disclosed,Not disclosed,,,No,,Not disclosed,,Not disclosed,,0,unknown,,0,False,,"score=4,idx=14566,zone=4",1,OK,
0001398659,G,2015,0001398659_G_FY2015_10K.html,,"December 31, 2015",Not disclosed,Not disclosed,,,No,,Not disclosed,,"In May
2015, the FASB issued ASU No. 2015-05, Customer’s Accounting for Fees Paid in a Cloud Computing Arrangement, which provides explicit guidance to evaluate the accounting for fees paid by a customer in a cloud computing arrangement. The new
guidance clarifies that if a cloud computing arrangement includes a software license, the customer should account for the license consistent with its accounting for other software licenses. If the arrangement does not include a software license, the
customer should account for the arrangement as a service contract. The ASU will be effective for us beginning January 1, 2016, including interim periods in our fiscal year 2016, and allows for both retrospective and prospective adoption. We
will adopt the requirements of this standard prospectively and do not expect the adoption of this update to have a material impact on our consolidated results of operations, cash flows, financial position or disclosures.",,0,unknown,,0,False,,"score=4,idx=12570,zone=4",1,OK,
0001398659,G,2016,0001398659_G_FY2016_10K.html,,"December 31, 2016",Not disclosed,Not disclosed,,,No,,Not disclosed,,Not disclosed,,0,unknown,,0,False,,"score=4,idx=9282,zone=4",3,OK,
0001398659,G,2017,0001398659_G_FY2017_10K.html,,"December 31, 2017",Not disclosed,Not disclosed,,,No,,Not disclosed,,Not disclosed,,0,unknown,,0,False,,"score=4,idx=9681,zone=4",3,OK,
0001398659,G,2018,0001398659_G_FY2018_10K.html,,"December 31, 2018",Not disclosed,Not disclosed,,,No,,Not disclosed,,Not disclosed,,0,unknown,,0,False,,"score=4,idx=10039,zone=7",23,OK,
0001398659,G,2019,0001398659_G_FY2019_10K.html,,2020-02-29,Not disclosed,Not disclosed,,,No,,Not disclosed,,Not disclosed,,0,unknown,,0,False,,"score=4,idx=12866,zone=2",2,OK,
0001398659,G,2020,0001398659_G_FY2020_10K.html,,2021-02-28,Not disclosed,Not disclosed,,,No,,Not disclosed,,Not disclosed,,0,unknown,,0,False,,"score=4,idx=12673,zone=2",2,OK,
0001398659,G,2021,0001398659_G_FY2021_10K.html,,2022-02-28,Not disclosed,Not disclosed,,,No,,Not disclosed,,Not disclosed,,0,unknown,,0,False,,"score=2,idx=10025,zone=4",2,OK,
0001398659,G,2022,0001398659_G_FY2022_10K.html,,2023-02-28,Not disclosed,Not disclosed,,,No,,Not disclosed,,"Classification of certain net revenues . We classify our net revenues in two categories based on the nature of services rendered: Data-Tech-AI services and Digital Operations services. ||| . We classify our net revenues in two categories based on the nature of services rendered: Data-Tech-AI services and Digital Operations services. ||| New bookings can vary significantly year to year depending in part on the timing of signing of large contracts. The types of services clients are demanding, the duration of the contract and the pace and level of client spending may impact the conversion of new bookings to revenues. For example, bookings for our Digital Operations services, which are typically provided under multi-year contracts, generally convert to revenue over a longer period of time than do bookings for our Data-Tech-AI services, which often include shorter cycle, project-based work.",A100,1,unknown,,0,False,,"score=2,idx=10479,zone=4",2,OK,
0001398659,G,2023,0001398659_G_FY2023_10K.html,,2024-02-29,Not disclosed,Not disclosed,,,No,,Not disclosed,,Data-Tech-AI services ||| Classification of certain net revenues . We classify our net revenues in two categories based on the nature of services rendered: Data-Tech-AI services and Digital Operations services. ||| . We classify our net revenues in two categories based on the nature of services rendered: Data-Tech-AI services and Digital Operations services.,,0,unknown,,0,False,,"score=2,idx=10318,zone=4",2,OK,
0001398659,G,2024,0001398659_G_FY2024_10K.html,,2025-03-03,Not disclosed,Not disclosed,,,No,,Not disclosed,,"Data-Tech-AI services 2 ||| Data-Tech-AI services ||| New bookings can vary significantly year to year depending in part on the timing of signing of large contracts. The types of services clients are demanding, the duration of the contract and the pace and level of client spending may impact the conversion of new bookings to revenues. For example, bookings for our Digital Operations services, which are typically provided under multi-year contracts, generally convert to revenue over a longer period of time than do bookings for our Data-Tech-AI services, which often include shorter cycle, project-based work.",,0,unknown,,0,False,,"score=2,idx=10418,zone=4",2,OK,
0001403568,ULTA,2013,0001403568_ULTA_FY2013_10K.html,,"February 1, 2014",Not disclosed,Not disclosed,,,No,,Not disclosed,,Not disclosed,,0,unknown,,0,False,,"score=4,idx=8046,zone=7",1,OK,
0001403568,ULTA,2014,0001403568_ULTA_FY2014_10K.html,,"January 31, 2015",Not disclosed,Not disclosed,,,No,,Not disclosed,,Not disclosed,,0,unknown,,0,False,,"score=4,idx=8682,zone=7",1,OK,
0001403568,ULTA,2015,0001403568_ULTA_FY2015_10K.html,,"January 30, 2016",Not disclosed,Not disclosed,,,No,,Not disclosed,,"In April 2015, the FASB issued ASU
No. 2015-05, Customers’ Accounting for Fees Paid in a Cloud Computing Arrangement. This standard provides guidance to determine whether a cloud-based computing arrangement includes a software license. If a cloud-based computing arrangement
includes a software license, the customer must account for the software element of the arrangement consistent with the acquisition of other software licenses. Otherwise, the customer must account for the arrangement as a service contract. The
standard will take effect for public companies for annual reporting periods beginning after December 15, 2015, including interim reporting periods. Early adoption is permitted. We do not believe that the adoption of this ASU will have a
material impact on our consolidated financial position, results of operations and cash flows.",,0,unknown,,0,False,,"score=4,idx=8853,zone=15",1,OK,
0001403568,ULTA,2016,0001403568_ULTA_FY2016_10K.html,,"January 28, 2017",Not disclosed,Not disclosed,,,No,,Not disclosed,,Not disclosed,,0,unknown,,0,False,,"score=4,idx=9259,zone=11",1,OK,
0001403568,ULTA,2017,0001403568_ULTA_FY2017_10K.html,,"February 3, 2018",Not disclosed,Not disclosed,,,No,,Not disclosed,,Not disclosed,,0,unknown,,0,False,,"score=4,idx=10269,zone=5",2,OK,
0001403568,ULTA,2018,0001403568_ULTA_FY2018_10K.html,,"February 2, 2019",Not disclosed,Not disclosed,,,No,,Not disclosed,,Not disclosed,,0,unknown,,0,False,,"score=4,idx=9876,zone=5",2,OK,
0001403568,ULTA,2019,0001403568_ULTA_FY2019_10K.html,,2020-03-11,Not disclosed,Not disclosed,,,No,,Not disclosed,,Not disclosed,,0,unknown,,0,False,,"score=6,idx=10152,zone=4",1,OK,
0001403568,ULTA,2020,0001403568_ULTA_FY2020_10K.html,,2021-01-30,Not disclosed,Not disclosed,,,No,,Not disclosed,,Not disclosed,,0,unknown,,0,False,,"score=6,idx=11649,zone=4",1,OK,
0001403568,ULTA,2021,0001403568_ULTA_FY2021_10K.html,,2022-01-29,Not disclosed,Not disclosed,,,No,,Not disclosed,,Not disclosed,,0,unknown,,0,False,,"score=6,idx=9406,zone=4",1,OK,
0001403568,ULTA,2022,0001403568_ULTA_FY2022_10K.html,,2023-01-28,Not disclosed,Not disclosed,,,No,,Not disclosed,,Not disclosed,,0,unknown,,0,False,,"score=6,idx=9317,zone=4",1,OK,
0001403568,ULTA,2023,0001403568_ULTA_FY2023_10K.html,,2024-03-13,equipment,"Property and equipment Property and equipment consists of the following: ​ ​ ​ ​ ​ ​ ​ ​ ​ ​ February 3, ​ January 28, (In thousands) 2024 2023 Equipment and fixtures ​ $ 1,297,428 ​ $ 1,147,870 Leasehold improvements ​ 928,900 ​ 855,695 Electronic equipment and software ​ 774,441 ​ 663,497 Construction-in-progress ​ 193,260 ​ 196,117 ​ ​ 3,194,029 ​ 2,863,179 Less: accumulated depreciation and amortization ​ (2,011,694) ​ (1,853,906) Property and equipment, net ​ $ 1,182,335 ​ $ 1,009,273 ​ ​ 6.",,,No,,Not disclosed,,Cloud computing arrangements ||| Cloud computing arrangements (software-as-a-service contracts) and related implementation costs that are capitalized are amortized on a straight-line basis over the contract term ( 1 month to 5 years ). These amounts are classified within prepaid expenses and other current assets and other long-term assets in the consolidated balance sheets. ||| Cloud computing costs (1),,0,ppe_note,19. Subsequent events,3,False,,"score=6,idx=9300,zone=15711",378,OK,
0001403568,ULTA,2024,0001403568_ULTA_FY2024_10K.html,,2025-02-01,equipment,"Property and equipment Property and equipment consists of the following: ​ ​ ​ ​ ​ ​ ​ ​ ​ ​ February 1, ​ February 3, (In thousands) 2025 2024 Equipment and fixtures ​ $ 1,388,173 ​ $ 1,297,428 Leasehold improvements ​ 1,041,179 ​ 928,900 Electronic equipment and software ​ 882,933 ​ 774,441 Construction-in-progress ​ 80,841 ​ 193,260 ​ ​ 3,393,126 ​ 3,194,029 Less: accumulated depreciation and amortization ​ (2,153,831) ​ (2,011,694) Property and equipment, net ​ $ 1,239,295 ​ $ 1,182,335 ​ 6.",,,No,,Not disclosed,,Cloud computing arrangements ||| Cloud computing arrangements (software-as-a-service contracts) and related implementation costs that are capitalized are amortized on a straight-line basis over the contract term ( 1 month to 5 years ). These amounts are classified within prepaid expenses and other current assets and other long-term assets in the consolidated balance sheets. ||| Cloud computing costs (1),,0,ppe_note,18. Segment reporting,3,False,,"score=6,idx=9262,zone=15732",384,OK,
0001408198,MSCI,2013,0001408198_MSCI_FY2013_10K.html,,"December 31, 2013",Not disclosed,Not disclosed,,,No,,"For the years ended December 31, 2013 and 2012, depreciation and amortization of property, equipment and leasehold improvements
totaled $22.3 million and $18.7 million, respectively. The increase was related to the impact of increased depreciation from the IPD and InvestorForce acquisitions, as well as the depreciation of hardware and software assets acquired to build
out data centers in the second half of the year ended December 31, 2012.",MD&A (Item 7),Not disclosed,,0,unknown,,0,False,,"score=4,idx=19503,zone=14",2,OK,
0001408198,MSCI,2014,0001408198_MSCI_FY2014_10K.html,,"December 31, 2014",Not disclosed,Not disclosed,,,No,,"For the years ended December 31, 2013 and 2012, depreciation and amortization of property, equipment and
leasehold improvements totaled $20.4 million and $16.6 million, respectively. The 22.9% increase was related to the impact of increased depreciation from the IPD and InvestorForce acquisitions, as well as the depreciation of hardware and
software assets acquired to build out data centers in the second half of the year ended December 31, 2012.",MD&A (Item 7),Not disclosed,,0,unknown,,0,False,,"score=4,idx=17693,zone=14",2,OK,
0001408198,MSCI,2015,0001408198_MSCI_FY2015_10K.html,,"December 31, 2015",Not disclosed,Not disclosed,,,No,,"Cost of revenues consists of costs related to the production and servicing of our products and services and primarily includes related
information technology costs, including data center, platform and infrastructure costs; costs to acquire, produce and maintain market data information; costs of research to support, maintain and rebalance existing products; costs of product
management teams; costs of client service and consultant teams to support customer needs; as well as other support costs directly attributable to the cost of revenues including certain human resources, finance and legal costs.",MD&A (Item 7),Not disclosed,,0,unknown,,0,False,,"score=4,idx=16169,zone=12",2,OK,
0001408198,MSCI,2016,0001408198_MSCI_FY2016_10K.html,,"December 31, 2016",Not disclosed,Not disclosed,,,No,,"Cost of revenues consists of costs related to the production and servicing of our products and services and primarily includes related information technology costs, including data center, platform and infrastructure costs; costs to acquire, produce and maintain market data information; costs of research to support, maintain and rebalance existing products; costs of product management teams; costs of client service and consultant teams to support customer needs; as well as other support costs directly attributable to the cost of revenues including certain human resources, finance and legal costs.",MD&A (Item 7),Not disclosed,,0,unknown,,0,False,,"score=3,idx=20870,zone=11",2,OK,
0001408198,MSCI,2017,0001408198_MSCI_FY2017_10K.html,,"December 31, 2017",Not disclosed,Not disclosed,,,No,,"Cost of revenues consists of costs related to the production and servicing of our products and services and primarily includes related information technology costs, including data center, platform and infrastructure costs; costs to acquire, produce and maintain market data information; costs of research to support, maintain existing products; costs of product management teams; costs of client service and consultant teams to support customer needs; as well as other support costs directly attributable to the cost of revenues including certain human resources, finance and legal costs.",MD&A (Item 7),Not disclosed,,0,unknown,,0,False,,"score=3,idx=19488,zone=9",2,OK,
0001408198,MSCI,2018,0001408198_MSCI_FY2018_10K.html,,"December 31, 2018",Not disclosed,Not disclosed,,,No,,"Cost of revenues consists of costs related to the production and servicing of our products and services and primarily includes related information technology costs, including data center, platform and infrastructure costs; costs to acquire, produce and maintain market data information; costs of research to support and maintain existing products; costs of product management teams; costs of client service and consultant teams to support customer needs; as well as other support costs directly attributable to the cost of revenues including certain human resources, finance and legal costs.",MD&A (Item 7),Not disclosed,,0,unknown,,0,False,,"score=3,idx=19470,zone=9",2,OK,
0001408198,MSCI,2019,0001408198_MSCI_FY2019_10K.html,,2020-02-22,Not disclosed,Not disclosed,,,No,,"Cost of revenues expenses consist of costs related to the production and servicing of our products and services and primarily includes related information technology costs, including data center, platform and infrastructure costs; costs to acquire, produce and maintain market data information; costs of research to support and maintain existing products; costs of product management teams; costs of client service and consultant teams to support customer needs; as well as other support costs directly attributable to the cost of revenues including certain human resources, finance and legal costs.",MD&A (Item 7),Not disclosed,,0,unknown,,0,False,,"score=3,idx=14787,zone=7",2,OK,
0001408198,MSCI,2020,0001408198_MSCI_FY2020_10K.html,,2021-02-12,Capitalized software,"Capitalized software development costs are typically amortized on a straight-line basis over the estimated useful life of the related product, which is typically three to five years, beginning with the date the software is placed into service.",3.0,5.0,No,,"MSCI leases office space, data centers and certain equipment under non-cancellable operating lease agreements and determines if an arrangement is a lease at inception. The Company does not currently have any financing lease arrangements.",Item 8,Not disclosed,,0,significant_accounting_policies,1. INTRODUCTION AND BASIS OF PRESENTATION,3,False,,"score=3,idx=15402,zone=17459",582,OK,
0001408198,MSCI,2021,0001408198_MSCI_FY2021_10K.html,,2022-02-12,Capitalized software,"Capitalized software development costs are typically amortized on a straight-line basis over the estimated useful life of the related product, which is typically three to five years, beginning with the date the software is placed into service.",3.0,5.0,No,,"MSCI leases office space, data centers and certain equipment under non-cancellable operating lease agreements and determines if an arrangement is a lease at inception. The Company does not currently have any financing lease arrangements.",Item 8,Not disclosed,,0,significant_accounting_policies,1. INTRODUCTION AND BASIS OF PRESENTATION,3,True,2.0 ans | 3.0-5.0 ans | 9.0 ans | 11.0 ans,"score=3,idx=18790,zone=18201",583,OK,
0001408198,MSCI,2022,0001408198_MSCI_FY2022_10K.html,,2023-02-10,Capitalized software,"Capitalized software development costs are typically amortized on a straight-line basis over the estimated useful life of the related product, which is typically three to five years, beginning with the date the software is placed into service.",3.0,5.0,Not disclosed,,Not disclosed,,Not disclosed,,0,significant_accounting_policies,1. INTRODUCTION AND BASIS OF PRESENTATION,3,False,,"score=2,idx=10538,zone=11166",581,ERROR,'<' not supported between instances of 'float' and 'NoneType'
0001408198,MSCI,2023,0001408198_MSCI_FY2023_10K.html,,2024-02-09,capitalized software,Amortization expense of internally developed capitalized software,,,Not disclosed,,Not disclosed,,Not disclosed,,0,significant_accounting_policies,14. Subsequent Events,3,False,,"score=2,idx=10792,zone=11600",619,ERROR,'<' not supported between instances of 'float' and 'NoneType'
0001408198,MSCI,2024,0001408198_MSCI_FY2024_10K.html,,2025-02-07,capitalized software,Amortization expense of internally developed capitalized software,,,Not disclosed,,Not disclosed,,Not disclosed,,0,significant_accounting_policies,14. Subsequent Events,3,False,,"score=2,idx=11112,zone=11839",640,ERROR,'<' not supported between instances of 'float' and 'NoneType'
0001464790,RILY,2013,0001464790_RILY_FY2013_10K.html,,,Not disclosed,Not disclosed,,,No,,Not disclosed,,Not disclosed,,0,unknown,,0,False,,"score=4,idx=10431,zone=12",2,OK,
0001464790,RILY,2014,0001464790_RILY_FY2014_10K.html,,"December
31, 2014",Not disclosed,Not disclosed,,,No,,Not disclosed,,Not disclosed,,0,unknown,,0,False,,"score=4,idx=7188,zone=10",2,OK,
0001464790,RILY,2015,0001464790_RILY_FY2015_10K.html,,"December 31, 2015",Not disclosed,Not disclosed,,,No,,Not disclosed,,Not disclosed,,0,unknown,,0,False,,"score=4,idx=8022,zone=10",2,OK,
0001464790,RILY,2016,0001464790_RILY_FY2016_10K.html,,"December 31, 2016",Not disclosed,Not disclosed,,,No,,"Gross margin in the principal investments - United
Online segment of $22.2 million or 70.9% of revenues was the result of the acquisition of UOL on July 1, 2016. Direct costs in the principal investments - United
Online segment of $9.1 million includes telecommunications and data center costs, personnel and overhead-related costs associated with
operating our networks and data centers, depreciation of network computers and equipment, third party advertising sales commissions,
license fees, costs related to providing customer support, costs related to customer billings and processing of customer credit
cards and associated bank fees.",MD&A (Item 7),Not disclosed,,0,unknown,,0,False,,"score=4,idx=8025,zone=8",2,OK,
0001464790,RILY,2017,0001464790_RILY_FY2017_10K.html,,,Not disclosed,Not disclosed,,,No,,"Gross
margins in the principal investments-United Online segment increased to 75.1% of revenues during the year ended December 31, 2017
as compared to 70.9% of revenues during the year ended December 31, 2016. Direct costs in the principal investments - United Online
segment includes telecommunications and data center costs, personnel and overhead-related costs associated with operating our
networks and data centers, depreciation of network computers and equipment, third party advertising sales commissions, license
fees, costs related to providing customer support, costs related to customer billings and processing of customer credit cards
and associated bank fees. The increase in gross margin is primarily due to a decrease in costs related to providing customer support
and lower personnel costs.",MD&A (Item 7),Not disclosed,,0,unknown,,0,False,,"score=4,idx=12405,zone=7",1,OK,
0001464790,RILY,2018,0001464790_RILY_FY2018_10K.html,,"December 31, 2018",Not disclosed,Not disclosed,,,No,,"Gross margins in
the Principal Investments-United Online segment increased to 75.1% of revenues during the year ended December 31, 2017 as compared
to 70.9% of revenues during the year ended December 31, 2016. Direct costs in the Principal Investments - United Online segment
includes telecommunications and data center costs, personnel and overhead-related costs associated with operating our networks
and data centers, depreciation of network computers and equipment, third party advertising sales commissions, license fees, costs
related to providing customer support, costs related to customer billings and processing of customer credit cards and associated
bank fees. The increase in gross margin is primarily due to a decrease in costs related to providing customer support and lower
personnel costs.",MD&A (Item 7),Not disclosed,,0,unknown,,0,False,,"score=4,idx=9688,zone=4",1,OK,
0001464790,RILY,2019,0001464790_RILY_FY2019_10K.html,,"DECEMBER 31,
2019",Not disclosed,Not disclosed,,,No,,Not disclosed,,Not disclosed,,0,unknown,,0,False,,"score=4,idx=9757,zone=12",3,OK,
0001464790,RILY,2020,0001464790_RILY_FY2020_10K.html,,"DECEMBER 31,
2020",Not disclosed,Not disclosed,,,No,,Not disclosed,,Not disclosed,,0,unknown,,0,False,,"score=4,idx=13131,zone=13",3,OK,
0001464790,RILY,2021,0001464790_RILY_FY2021_10K.html,,"DECEMBER 31, 2021",Not disclosed,Not disclosed,,,No,,Not disclosed,,Not disclosed,,0,unknown,,0,False,,"score=4,idx=10194,zone=15",2,OK,
0001464790,RILY,2022,0001464790_RILY_FY2022_10K.html,,2027-09-30,Not disclosed,Not disclosed,,,No,,Not disclosed,,Not disclosed,,0,unknown,,0,False,,"score=2,idx=16059,zone=13",2,OK,
0001464790,RILY,2023,0001464790_RILY_FY2023_10K.html,,2027-06-30,Not disclosed,Not disclosed,,,No,,Not disclosed,,Not disclosed,,0,unknown,,0,False,,"score=2,idx=15577,zone=4",2,OK,
0001464790,RILY,2024,0001464790_RILY_FY2024_10K.html,,2027-06-30,Not disclosed,Not disclosed,,,No,,Not disclosed,,Not disclosed,,0,unknown,,0,False,,"score=2,idx=15577,zone=4",2,OK,
